produto_preco,cliente_frequencia,tempo_ultima_compra,comprou
33.09,7,270,0
76.3,3,337,0
59.9,23,188,1
49.9,14,387,0
16.7,10,262,0
16.7,16,44,1
9.36,16,182,1
69.96,22,33,0
50.08,10,282,0
58.11,13,146,0
6.54,6,305,0
77.74,12,293,0
67.43,9,97,1
20.93,13,67,0
18.64,4,371,0
18.76,11,353,0
27.82,20,169,1
44.36,18,357,0
37.4,11,149,0
26.84,21,259,0
50.89,4,275,0
15.46,18,375,0
26.91,1,297,0
32.48,7,193,1
39.21,6,310,0
63.89,15,297,0
19.98,18,92,1
43.57,11,172,1
49.43,20,120,1
8.48,15,362,0
50.57,16,189,0
17.79,7,213,0
9.88,21,262,0
76.17,10,241,0
77.42,12,361,0
65.63,14,9,0
27.85,5,214,0
12.33,21,203,1
56.32,18,347,0
38.01,5,131,0
14.15,3,144,0
42.14,23,345,0
7.58,5,31,0
73.2,17,74,0
24.41,19,67,1
54.69,19,35,0
28.38,21,389,0
44.01,12,25,0
46.0,9,177,1
18.86,1,80,0
77.72,18,67,1
63.13,21,159,1
75.46,4,282,0
72.11,10,54,1
49.84,7,217,0
74.14,22,349,0
11.64,23,145,0
19.7,1,116,1
8.39,17,189,1
29.4,2,34,1
34.15,11,203,0
25.35,9,197,1
67.16,7,321,0
31.76,22,395,0
26.07,17,57,1
45.7,17,155,0
15.57,2,274,0
65.16,6,56,0
10.59,14,394,0
79.02,6,252,0
62.92,2,119,0
19.9,1,176,1
5.41,10,172,0
66.16,21,20,1
58.01,5,209,0
59.68,2,294,0
62.85,22,195,0
10.55,16,161,1
31.88,2,61,0
13.69,10,188,1
69.73,2,216,0
51.75,16,382,0
29.82,16,81,1
9.77,19,283,0
28.32,7,139,1
29.39,22,349,0
59.72,12,65,0
52.82,15,351,0
71.54,8,188,0
40.42,6,345,0
13.97,10,327,0
58.49,3,70,1
62.06,19,333,0
47.1,17,266,1
62.82,7,199,0
42.03,21,149,0
44.2,20,110,0
37.07,4,220,0
6.91,14,248,0
13.09,20,215,0
7.36,22,99,1
52.73,15,148,1
28.58,8,118,1
43.14,21,381,0
73.07,15,65,0
23.7,22,49,1
35.78,20,213,1
61.67,14,274,0
22.16,9,302,0
10.77,8,124,1
26.73,17,26,1
17.09,2,228,0
74.73,3,172,0
65.61,8,137,0
52.51,12,162,1
70.36,1,190,0
65.28,10,96,1
18.99,20,100,1
71.94,3,19,1
45.45,6,328,1
65.56,7,299,0
72.21,20,236,0
28.85,23,328,0
13.25,18,298,0
22.1,11,32,1
37.03,19,81,1
66.35,5,370,0
69.55,19,305,0
5.52,11,156,1
43.31,12,154,0
36.31,10,14,1
21.66,8,35,0
13.99,9,302,0
30.32,4,215,0
75.72,5,134,0
29.24,21,346,0
43.91,8,122,1
57.73,23,150,1
32.27,9,324,0
77.88,15,241,0
77.18,15,13,0
23.88,16,51,0
42.29,14,245,0
27.57,8,161,1
26.36,18,187,0
7.77,10,221,0
50.72,20,94,0
42.7,6,262,0
8.86,12,79,1
25.9,2,185,0
73.12,7,218,0
22.97,16,299,0
15.87,3,240,1
41.71,13,245,0
78.92,3,229,0
23.15,18,125,1
55.41,11,319,0
62.12,8,270,0
22.82,6,213,0
59.62,1,101,0
32.58,1,379,0
52.42,23,228,0
52.51,8,372,0
45.18,5,282,0
11.77,16,386,0
67.65,11,237,1
29.06,5,315,0
18.99,4,125,1
8.06,6,274,0
49.32,14,279,1
55.82,22,70,0
6.24,19,304,0
43.41,9,356,1
21.99,12,17,0
53.39,11,104,1
18.08,14,77,1
56.82,23,370,0
34.01,16,64,1
75.25,1,296,0
15.31,13,257,1
30.58,23,282,0
13.51,21,56,1
74.35,21,364,0
70.8,13,222,1
24.35,2,58,1
54.5,4,277,0
66.29,6,90,1
46.64,23,393,0
44.72,5,299,0
23.14,3,132,0
11.98,1,302,0
72.29,4,78,0
72.53,20,302,0
52.48,2,242,0
30.43,5,62,1
31.19,3,366,0
59.45,9,116,0
72.28,20,198,0
71.53,6,398,0
63.49,18,99,0
53.15,6,356,0
11.31,19,62,0
17.12,12,66,0
72.39,11,144,0
50.48,2,45,0
5.69,15,34,1
12.61,12,55,1
54.76,12,131,0
5.38,9,19,1
17.06,21,42,0
46.16,2,107,0
56.89,22,288,0
53.9,3,92,0
21.82,12,10,0
58.41,16,229,0
22.79,21,344,0
29.4,1,172,0
60.99,21,389,0
53.72,3,350,0
68.69,20,389,0
54.32,2,382,0
47.62,9,284,0
12.03,19,136,0
32.58,15,37,0
24.89,18,381,0
23.3,11,17,0
77.98,23,308,0
34.48,16,102,0
71.9,22,196,0
52.34,17,198,0
64.61,5,272,0
42.7,12,134,0
48.27,11,244,1
41.94,15,361,0
19.64,3,118,0
59.18,1,322,0
26.06,20,349,0
6.82,16,151,1
53.41,2,71,0
18.28,2,253,0
75.53,3,229,0
76.54,8,319,0
73.61,15,112,1
32.76,7,187,0
6.16,6,190,0
74.62,9,232,0
37.11,20,271,0
77.5,1,284,0
77.27,8,95,0
68.98,23,182,0
27.08,23,24,1
33.88,3,377,0
68.84,4,112,0
28.77,15,277,0
17.71,6,325,0
46.76,15,173,1
75.21,21,19,1
57.2,3,343,0
47.75,21,38,1
12.29,21,399,1
51.13,14,46,1
79.25,20,154,0
15.51,14,224,0
43.87,4,225,0
70.8,12,88,0
60.56,17,339,0
57.28,7,214,1
57.69,9,207,0
31.96,3,338,0
27.02,13,44,0
65.7,15,217,0
65.76,18,333,0
70.03,19,255,0
73.49,1,233,0
43.35,6,54,0
42.61,23,24,1
64.87,2,301,0
53.75,14,202,1
57.65,6,193,0
64.68,14,351,0
71.75,4,230,0
30.35,21,324,0
33.17,8,371,0
12.05,3,343,0
48.37,19,235,0
7.7,14,396,0
39.92,20,83,1
45.7,17,194,0
26.49,8,352,0
49.31,14,276,0
7.29,6,101,1
7.8,23,316,0
66.7,22,138,0
32.01,16,45,0
14.53,19,78,0
44.17,14,287,0
62.75,19,339,0
21.19,3,166,1
51.72,10,193,0
11.4,19,197,0
8.88,9,126,0
44.85,20,226,0
45.55,13,59,1
52.81,7,228,0
59.46,14,137,0
78.19,9,243,0
43.72,23,252,0
29.22,19,232,0
64.64,15,214,1
25.31,20,102,0
37.92,14,206,1
10.88,6,253,0
6.9,21,78,1
77.2,4,324,0
67.7,8,191,0
57.2,17,12,1
35.67,9,212,0
18.0,1,38,0
16.73,20,105,0
23.77,14,393,0
46.19,11,262,0
58.59,21,193,0
54.51,3,82,0
26.0,9,183,1
76.61,14,321,0
60.34,9,293,0
46.58,4,355,0
50.88,4,261,0
36.47,8,331,0
23.58,2,196,0
31.7,9,314,0
61.84,14,351,0
6.08,22,133,0
13.71,9,293,0
8.45,23,260,1
8.05,16,219,0
69.16,17,256,0
57.77,16,90,0
40.56,12,389,0
12.34,3,394,0
41.87,11,19,1
40.51,14,51,0
17.99,18,133,0
37.54,21,120,0
34.89,21,282,0
51.19,5,211,0
52.63,16,343,1
8.4,20,391,0
33.1,5,279,0
51.94,3,64,0
42.74,12,334,1
69.24,1,225,0
54.4,21,115,0
17.22,9,285,0
10.29,9,180,1
53.18,4,334,0
6.99,3,270,0
48.93,17,321,0
75.52,2,117,1
48.16,1,193,0
34.11,8,275,0
53.25,13,235,1
39.37,23,162,1
45.92,15,195,0
75.61,8,278,0
33.96,12,381,0
77.09,22,8,1
72.9,12,252,0
19.68,14,216,1
10.2,15,292,0
12.56,15,365,0
6.37,9,19,1
12.08,19,102,1
56.23,20,227,0
10.34,22,244,1
28.92,8,100,1
68.37,21,344,0
6.75,19,275,0
66.09,6,177,0
26.14,20,100,1
13.86,19,155,1
57.26,4,118,0
52.17,23,61,0
70.81,7,343,0
60.13,4,122,0
65.26,22,149,0
26.15,12,207,1
18.31,13,186,0
61.3,3,208,1
65.51,22,370,0
79.29,12,59,0
35.95,2,390,0
32.9,2,186,0
63.23,23,319,0
30.56,9,314,0
74.81,1,143,0
69.38,8,188,0
37.17,23,373,0
61.32,6,7,1
61.59,6,50,0
12.73,22,233,0
72.69,18,337,0
42.89,17,104,0
66.98,12,214,1
29.0,6,271,0
72.16,8,294,0
34.19,19,277,0
5.81,10,146,0
72.9,1,243,0
11.85,13,398,0
28.95,17,78,0
76.25,3,161,0
76.3,8,196,0
48.01,14,274,1
52.39,3,327,1
38.63,16,113,0
26.99,13,238,0
29.65,20,48,0
55.44,17,196,1
61.43,13,377,0
64.37,6,145,0
64.22,17,109,0
11.84,14,177,1
42.08,17,357,0
9.32,8,279,0
46.21,11,227,0
38.11,20,219,0
71.58,1,347,0
31.32,7,62,0
13.78,21,396,0
15.72,21,348,0
62.11,17,108,1
51.37,10,198,0
12.58,11,316,0
11.31,22,206,0
57.57,9,239,0
10.46,9,233,0
66.64,5,377,0
57.97,17,145,0
11.1,9,350,0
11.36,17,311,0
79.0,21,155,0
33.07,19,121,1
32.8,7,69,1
65.96,23,110,0
76.04,9,345,0
78.95,7,365,0
61.5,13,162,1
33.22,11,279,1
11.26,14,12,1
63.29,19,153,0
46.88,11,190,0
36.82,13,34,0
72.98,14,44,1
13.34,13,125,1
41.95,1,299,0
5.85,8,377,0
40.15,12,250,0
9.22,19,74,1
13.91,12,220,0
13.81,8,224,0
53.69,8,183,0
60.95,21,305,0
48.75,13,170,1
77.16,12,64,0
33.12,16,275,0
26.43,1,314,0
70.14,13,64,0
21.77,7,294,0
77.24,5,111,0
5.91,8,234,0
77.74,14,253,0
8.24,23,194,0
71.84,13,89,0
44.58,15,192,0
79.47,23,258,0
10.53,17,361,0
46.54,15,244,0
77.7,20,366,0
44.23,18,190,0
52.2,18,290,0
57.18,2,391,0
39.09,4,216,0
52.07,1,310,0
48.82,4,302,0
72.59,18,103,0
8.41,5,214,0
26.07,19,376,0
76.28,15,394,0
71.77,8,143,0
39.17,20,373,0
51.51,17,190,0
25.8,1,82,1
19.11,12,293,0
39.78,19,381,0
31.5,15,148,0
48.77,9,243,0
10.83,7,31,1
78.08,2,296,0
78.97,9,73,1
57.36,10,256,1
45.21,2,124,0
28.21,19,79,1
66.03,11,288,0
56.35,13,366,0
17.2,10,16,1
73.32,14,217,1
66.69,18,329,0
76.23,19,158,0
59.43,22,11,1
51.01,9,201,0
36.37,7,289,0
74.95,3,119,0
69.95,20,277,0
8.39,6,169,0
6.98,21,111,0
33.23,2,187,1
65.79,6,50,0
79.05,3,288,0
16.28,16,181,1
49.56,8,168,0
33.57,2,357,0
77.74,17,346,0
68.16,9,146,0
67.87,12,138,0
40.15,3,93,0
36.11,11,182,0
25.51,1,189,0
9.23,23,374,0
69.85,13,135,0
65.97,15,252,0
79.98,5,95,0
79.75,21,72,0
46.66,17,164,0
62.67,23,393,0
75.86,6,384,0
68.72,21,155,0
23.55,22,346,1
38.79,11,122,0
14.69,18,220,0
76.55,4,378,0
50.46,3,300,0
22.15,13,259,0
55.38,23,149,0
51.36,9,256,1
31.86,21,372,0
13.52,6,308,0
55.37,12,31,1
44.02,2,283,0
62.92,3,383,0
44.01,3,384,0
68.91,12,395,0
46.39,15,76,1
47.07,9,119,1
70.75,23,369,0
35.26,8,118,0
15.05,11,370,0
7.16,16,309,0
61.64,22,97,1
51.52,4,24,0
57.81,1,155,0
20.97,7,233,0
15.23,2,220,0
6.09,5,366,0
31.29,7,157,0
49.24,4,198,0
34.42,5,46,0
37.81,1,248,0
72.81,1,144,1
31.12,15,351,0
43.55,20,186,0
63.77,19,206,0
34.74,10,209,1
51.66,18,67,1
69.68,3,198,1
76.21,11,11,0
16.03,15,384,0
74.49,11,243,0
41.91,17,187,0
24.37,17,317,0
39.44,6,43,1
78.5,5,62,0
41.95,8,243,1
29.66,2,364,0
52.51,16,355,0
23.01,20,203,0
10.69,12,79,0
14.67,6,65,1
14.6,1,246,0
16.39,4,8,0
15.41,17,366,0
53.07,13,194,0
18.64,18,313,0
30.93,5,36,0
72.26,3,273,0
40.55,11,114,0
55.07,13,338,0
17.92,4,96,1
19.42,14,211,0
8.07,22,385,0
17.67,11,387,0
25.89,10,226,0
18.28,19,384,0
11.65,18,100,1
14.05,6,109,0
39.56,15,229,1
20.48,21,192,0
32.32,10,190,1
42.76,5,168,1
56.78,5,253,0
7.95,10,37,1
64.96,5,58,1
52.09,3,351,0
11.13,23,82,1
70.52,6,391,0
74.07,4,284,0
9.58,18,46,0
25.77,9,107,1
65.47,17,117,0
61.12,13,391,0
18.84,15,327,1
20.7,20,255,0
32.79,17,197,0
41.34,13,188,1
51.37,16,341,0
32.67,22,215,0
39.69,4,28,0
61.06,5,172,1
7.75,5,105,1
23.93,9,214,0
58.5,17,14,0
72.14,13,196,0
43.38,2,181,0
44.91,13,279,0
13.04,22,23,1
38.56,21,96,0
44.95,23,147,0
23.19,19,151,1
25.19,3,172,0
33.3,10,343,0
6.51,2,84,0
29.16,13,268,0
20.86,19,169,1
29.56,17,372,0
13.98,21,20,0
71.79,14,245,0
49.52,12,78,0
55.93,21,149,0
64.19,12,316,0
42.38,11,289,0
11.52,7,275,0
45.28,4,247,0
49.01,19,251,0
60.91,1,169,0
37.37,3,66,0
14.57,13,12,1
26.28,15,203,0
32.23,2,64,0
53.44,11,311,0
47.81,4,223,0
31.71,19,32,1
78.99,17,309,0
50.43,3,11,0
22.79,18,26,1
12.63,8,396,1
16.46,22,204,0
23.45,19,65,1
17.05,5,248,0
18.99,7,152,0
26.38,21,394,0
18.0,8,279,0
72.26,5,255,0
11.02,17,20,1
44.34,5,19,0
35.78,4,397,0
78.68,22,390,0
13.4,19,50,1
34.84,21,381,0
77.71,2,25,0
69.91,11,69,0
66.28,22,245,0
24.34,13,343,0
17.82,15,106,0
55.15,12,169,0
74.7,22,128,1
46.76,21,50,1
47.87,22,366,0
26.0,11,323,0
62.71,7,387,0
19.03,5,151,0
29.28,17,333,0
36.91,20,369,0
43.07,9,56,1
23.18,14,71,0
13.61,12,361,1
50.8,6,294,1
26.65,17,170,0
48.59,19,147,0
16.58,19,320,0
41.09,16,134,0
44.94,12,374,0
8.89,12,245,1
30.25,20,330,0
15.08,6,302,0
9.75,23,193,0
79.25,4,214,0
29.18,6,226,0
65.74,11,196,0
24.1,1,394,0
56.11,23,352,0
62.02,15,290,0
49.67,11,358,0
40.37,19,243,1
35.89,18,200,0
31.17,17,293,1
74.71,19,265,0
67.3,21,252,0
77.38,14,142,1
14.32,18,286,0
59.82,19,277,1
75.38,15,177,0
18.59,15,165,0
9.99,4,207,1
60.58,7,51,1
48.09,13,270,0
68.14,3,77,1
15.48,16,370,0
64.65,9,377,0
20.12,8,109,0
17.27,20,131,0
17.32,13,319,0
66.09,17,292,0
54.89,17,236,0
44.23,17,152,1
31.91,1,376,0
70.79,8,203,0
34.43,19,379,0
66.24,6,227,0
37.94,3,66,1
33.27,5,104,0
39.7,13,177,0
27.6,15,388,0
61.07,14,179,0
42.7,23,157,1
22.42,16,356,0
72.47,18,396,0
33.79,22,128,0
45.77,22,114,0
72.99,11,10,0
51.82,3,99,0
13.77,22,12,1
75.49,10,294,0
52.08,10,112,1
30.12,21,152,1
15.45,16,277,0
64.55,12,384,1
51.51,2,102,0
45.01,9,235,0
72.04,3,208,0
64.14,15,218,0
16.38,3,12,1
28.38,19,118,0
23.64,18,382,0
60.8,8,385,0
7.51,17,329,0
47.74,8,112,0
62.18,7,145,0
70.76,7,305,0
30.66,3,102,0
66.59,1,394,0
13.3,4,343,0
68.48,5,303,0
14.56,1,395,0
34.8,15,220,0
64.8,5,297,0
16.24,13,28,1
22.19,8,199,0
59.17,8,156,0
59.0,5,374,0
53.09,9,253,0
57.05,1,273,0
45.7,4,257,0
23.88,3,9,1
30.93,2,399,0
18.62,8,322,0
73.13,23,82,1
48.75,9,93,1
35.06,2,276,0
39.65,14,231,0
76.05,14,24,1
16.5,4,119,0
48.97,6,257,0
42.94,11,239,0
50.86,3,335,0
6.36,8,285,0
70.41,3,208,1
74.91,14,89,0
47.38,13,131,0
57.25,13,181,0
74.19,2,75,1
58.04,13,53,0
16.44,19,378,0
48.22,6,262,0
50.5,16,221,0
36.81,2,36,1
60.23,8,287,0
75.08,17,243,1
74.42,23,254,0
38.81,2,374,0
13.49,10,31,1
78.86,16,80,1
67.92,6,212,0
14.35,2,320,0
74.06,2,100,0
70.24,13,381,0
43.91,15,133,1
49.35,2,31,1
34.93,7,340,0
9.11,3,361,0
30.14,8,122,0
65.21,23,54,1
5.35,14,232,1
30.01,23,272,0
34.86,22,105,0
45.3,7,17,0
73.99,21,91,0
30.98,7,220,1
31.02,1,179,1
60.31,17,397,1
38.92,9,215,0
21.85,21,388,0
38.93,13,70,1
15.56,21,264,0
18.23,19,338,0
42.38,21,127,0
36.42,19,304,0
73.61,22,60,0
32.18,17,337,0
48.54,23,278,0
52.42,23,247,0
5.98,10,249,0
54.77,10,24,1
18.35,4,193,0
77.08,8,352,0
16.15,22,150,1
36.1,20,268,0
11.4,20,370,1
79.77,18,245,0
42.66,14,310,0
49.65,18,304,0
10.03,14,82,0
61.25,20,194,0
20.74,21,339,1
72.35,15,394,0
20.39,22,252,0
19.3,4,136,0
7.74,13,321,1
40.41,23,289,0
47.36,8,85,0
9.93,18,78,0
63.16,12,269,0
39.0,23,197,1
44.33,14,373,0
38.06,2,381,0
35.06,18,69,0
46.97,2,386,0
16.64,11,18,1
18.64,9,147,0
69.63,12,260,0
75.96,17,49,0
33.0,15,23,0
25.31,17,69,1
53.3,18,259,0
35.66,22,382,1
6.9,6,298,0
16.71,17,14,1
58.7,23,331,0
54.42,18,96,1
7.03,8,214,0
21.65,9,298,0
22.33,6,290,0
55.39,5,124,1
6.48,12,355,0
12.81,11,181,1
64.99,1,82,0
18.39,11,107,1
53.96,19,157,0
22.86,9,276,0
12.46,2,77,0
23.24,12,186,0
59.17,4,130,0
69.18,4,387,0
67.27,18,299,0
34.79,15,291,0
55.11,19,201,0
20.37,13,234,0
26.99,19,281,0
72.23,17,112,0
5.98,6,27,1
11.41,16,70,0
20.59,12,171,1
6.99,19,33,1
18.61,5,317,0
48.73,17,291,0
36.61,23,154,0
71.95,1,287,1
66.31,23,332,0
30.64,10,325,0
24.46,15,170,0
33.48,23,392,0
49.27,21,230,1
25.1,21,278,0
51.81,11,152,0
35.71,13,362,0
46.4,5,36,1
37.71,1,51,1
27.08,12,281,1
76.13,11,40,0
62.27,17,147,0
15.51,4,324,1
70.14,15,380,1
41.56,9,227,0
72.09,21,362,0
64.99,20,28,1
36.89,19,186,0
6.69,19,373,0
25.15,12,335,0
45.62,5,237,1
52.51,10,44,0
24.34,17,76,0
15.45,5,122,0
67.62,22,245,0
78.83,16,341,0
44.43,7,154,1
17.88,9,15,1
25.42,3,294,0
6.38,15,394,0
73.57,16,56,0
13.83,18,344,0
48.24,14,11,0
25.55,3,349,0
46.56,12,132,1
53.86,9,81,1
67.23,7,171,0
20.48,9,284,0
5.82,13,330,0
15.27,18,306,0
72.5,5,296,0
70.54,13,83,0
49.81,4,304,1
50.04,2,143,0
54.88,16,112,0
18.15,9,101,1
73.58,9,141,0
36.41,6,74,1
33.74,11,153,0
43.92,22,165,1
8.52,22,390,0
17.47,1,169,1
60.35,4,347,0
11.21,13,195,1
50.24,23,345,0
23.4,13,101,0
34.2,13,187,0
26.65,2,294,0
31.68,9,328,0
58.93,8,193,0
27.28,7,378,0
47.48,4,144,0
40.7,18,136,1
54.78,3,200,0
75.26,6,322,0
59.94,12,279,0
21.12,12,358,0
7.34,21,150,0
24.67,8,22,0
49.63,22,308,0
8.86,22,251,0
42.23,1,113,0
49.76,4,94,0
30.07,21,135,1
62.82,11,381,0
12.99,3,347,0
10.64,13,10,1
59.61,17,333,0
42.16,22,373,0
56.63,22,312,0
37.61,10,101,0
23.48,21,215,1
66.43,12,231,0
64.96,15,354,0
57.1,21,327,0
25.41,10,53,0
49.27,14,187,0
32.07,13,112,0
11.87,5,205,0
73.8,6,392,0
15.26,2,112,1
76.27,22,286,0
38.45,17,266,1
18.88,4,114,1
45.64,14,25,1
70.47,10,302,0
59.92,3,312,0
65.49,3,177,1
54.41,15,337,0
56.92,6,201,0
68.69,17,18,1
23.73,12,201,1
41.71,22,289,0
21.59,20,375,0
79.08,11,188,0
75.8,4,311,0
7.96,6,150,0
57.92,1,392,0
74.39,20,322,0
18.54,23,188,0
47.6,16,36,0
73.66,15,90,1
7.55,17,172,1
57.31,8,290,0
27.3,12,287,0
74.33,22,102,0
77.83,21,387,0
75.82,10,272,0
40.57,15,304,0
69.65,9,302,0
68.34,2,231,0
28.93,5,339,0
67.17,6,367,0
7.78,7,380,0
49.72,21,48,1
22.25,1,309,0
14.04,23,252,1
10.77,7,214,0
57.22,20,243,0
30.49,12,28,1
59.36,16,191,0
9.9,16,248,0
28.65,11,369,0
45.46,21,289,0
64.3,4,47,0
28.91,13,342,0
51.94,7,168,0
71.45,4,166,1
51.19,15,95,0
22.47,19,328,0
6.83,9,18,1
70.26,11,79,1
6.6,8,82,1
70.6,1,352,0
44.67,23,207,0
75.43,8,16,0
64.91,13,358,0
79.85,22,232,0
31.3,4,182,1
62.54,8,282,0
35.14,3,45,0
40.99,9,66,1
52.06,2,72,0
70.53,2,327,0
78.81,13,130,0
62.62,15,170,0
36.33,23,392,0
36.6,12,165,1
60.32,4,63,1
22.91,8,84,0
13.29,9,200,0
31.6,23,291,0
26.54,5,21,0
27.22,20,18,1
22.52,18,107,1
8.16,11,162,0
6.34,15,346,0
79.08,22,131,0
37.08,9,365,0
33.82,17,286,0
55.97,12,116,1
21.37,7,340,0
76.25,10,363,0
63.98,10,152,1
11.71,13,222,0
36.32,19,168,1
70.93,11,134,0
75.85,13,320,0
40.06,21,338,0
51.01,8,156,1
17.53,8,42,1
79.34,4,179,0
22.38,15,28,0
75.7,11,212,0
53.72,11,133,1
50.58,1,342,0
43.45,17,362,0
22.3,15,223,0
18.24,20,102,1
21.54,6,170,1
18.98,22,154,1
63.47,15,24,0
31.26,9,300,0
9.34,14,201,0
77.68,18,157,0
71.28,17,371,0
74.58,18,129,0
79.62,5,193,0
18.04,20,155,1
34.72,20,110,1
61.87,9,249,0
57.2,11,237,1
16.54,22,212,0
66.19,1,204,0
21.83,18,343,0
21.79,6,93,0
45.27,2,148,0
49.47,15,323,0
48.51,21,205,0
11.86,14,52,0
70.81,5,294,0
24.92,6,21,1
14.71,6,50,0
71.66,22,175,0
76.67,18,316,0
69.66,14,50,1
65.71,10,104,1
54.14,14,267,1
46.31,13,115,0
11.52,3,289,0
35.63,6,378,0
32.95,8,349,0
24.48,12,110,1
59.26,13,262,0
42.19,11,385,0
11.08,12,212,0
21.51,1,341,0
56.24,17,49,0
10.71,16,359,0
68.84,11,251,0
42.14,13,293,0
41.04,18,361,1
49.43,11,279,1
66.85,12,89,0
31.09,6,116,0
55.85,9,196,0
47.43,16,294,1
25.03,4,257,0
70.9,3,218,0
64.81,16,297,0
54.38,12,139,0
68.79,11,207,0
70.05,5,291,0
58.13,18,332,0
67.78,19,101,1
57.31,23,284,0
56.01,23,331,0
51.4,6,225,0
61.45,22,95,0
16.9,18,78,1
71.07,6,253,0
70.39,4,135,0
7.19,12,218,0
66.94,19,349,0
14.67,2,102,1
30.13,17,81,0
60.76,11,60,1
17.06,11,350,0
66.35,21,60,0
67.41,16,224,0
43.06,2,22,0
5.48,2,105,0
26.53,23,26,0
51.27,8,52,0
78.59,13,199,0
52.39,10,389,0
24.49,8,64,0
52.55,4,117,1
45.5,15,135,0
63.49,1,343,0
13.02,11,200,0
62.08,7,346,0
45.59,17,332,0
77.22,20,14,0
30.64,18,35,0
52.45,22,118,0
74.9,22,167,1
12.69,12,137,1
75.29,9,194,1
56.59,5,169,0
10.09,10,203,0
27.57,4,370,0
58.11,5,210,0
10.05,10,218,1
48.66,11,115,0
30.94,21,282,0
51.57,10,79,0
8.43,8,173,0
70.37,2,266,0
78.01,23,249,1
77.67,8,281,0
61.22,16,108,0
14.76,22,179,1
61.87,5,177,0
6.84,3,147,1
6.66,12,194,0
29.27,13,92,1
41.65,13,58,0
62.78,10,117,1
56.25,4,371,0
38.44,9,348,0
25.52,22,49,0
79.78,23,217,0
36.96,2,206,0
38.85,19,304,1
17.27,1,352,0
64.61,7,246,0
57.03,17,121,0
21.56,3,32,1
11.18,20,305,0
56.04,20,83,0
54.09,21,143,1
25.49,3,26,1
76.31,3,217,0
16.33,17,246,0
37.43,7,45,1
75.77,14,274,1
36.48,17,213,0
52.89,18,273,0
34.82,13,160,0
25.57,20,48,1
78.8,20,17,1
35.7,21,300,0
72.06,18,104,0
22.25,4,281,0
20.98,1,396,0
7.34,18,378,0
53.88,1,236,0
32.64,13,375,1
69.83,20,226,0
40.49,20,71,1
77.61,23,361,0
18.91,10,238,0
70.15,11,334,0
63.24,9,58,0
62.82,9,380,0
68.36,5,382,0
62.08,1,269,0
51.97,17,273,0
14.84,22,365,0
7.44,2,323,0
74.06,13,330,0
51.25,9,160,0
64.74,4,364,0
41.11,5,372,0
13.8,11,146,1
14.39,19,57,0
56.42,21,123,0
37.27,3,52,1
20.04,12,315,0
41.87,19,94,1
9.82,19,214,1
48.65,13,383,0
25.17,7,275,0
64.82,15,95,0
28.28,23,387,1
39.14,7,124,0
5.87,8,60,1
10.43,5,122,1
34.44,21,124,1
41.0,14,266,0
50.0,4,81,0
26.87,23,311,0
57.12,10,13,0
69.51,20,372,1
63.49,15,128,0
7.97,18,17,1
41.04,20,354,0
12.87,13,221,1
23.15,8,285,0
79.0,9,34,0
15.69,16,241,0
42.42,19,373,0
51.36,16,319,0
57.68,7,32,0
46.97,14,60,1
5.73,14,35,0
29.48,4,359,0
43.83,15,170,1
11.59,3,276,0
31.3,5,340,0
7.49,1,41,1
10.89,3,292,0
34.77,15,354,0
14.95,8,279,0
47.57,4,214,0
56.71,2,244,0
65.04,10,99,0
20.01,4,179,0
17.56,3,85,0
12.84,2,116,1
52.73,17,223,0
57.99,23,364,0
7.37,21,112,1
75.22,20,53,1
8.9,23,187,0
45.6,13,70,0
58.18,5,252,1
70.32,21,250,1
58.56,9,326,0
65.13,22,93,0
30.46,6,223,1
66.11,5,13,0
11.01,10,284,1
72.11,8,343,0
46.07,7,216,0
66.3,7,175,0
38.92,6,336,0
53.27,21,144,0
44.48,20,397,0
59.87,3,387,0
11.12,19,312,0
9.53,22,236,1
23.53,15,314,0
16.97,4,167,0
70.38,12,7,1
21.44,6,242,0
78.19,19,194,1
30.27,4,10,0
18.66,15,138,0
64.23,9,224,1
54.4,5,266,0
42.36,13,7,0
46.65,23,77,0
58.94,18,184,0
22.13,5,195,0
79.73,16,297,0
78.11,19,14,1
53.77,14,259,0
19.97,16,298,0
56.02,15,250,0
10.41,22,129,0
7.3,4,305,0
24.33,7,289,0
39.7,16,38,1
70.12,22,340,0
59.54,21,383,0
60.7,22,152,0
36.91,21,162,1
30.95,8,22,0
32.83,17,361,0
79.07,16,53,1
8.01,23,257,1
70.03,10,193,0
48.4,10,37,0
37.9,2,266,0
59.39,9,23,1
41.5,17,45,1
70.51,11,310,0
72.55,10,45,1
36.63,22,138,1
25.76,17,36,1
49.43,4,164,0
73.43,16,284,0
20.8,20,209,0
51.72,15,72,0
52.37,21,114,0
59.98,5,274,0
14.87,6,228,0
58.69,17,298,0
73.18,1,24,0
18.48,19,96,1
22.82,4,187,0
77.85,17,261,1
18.57,9,259,0
69.08,2,263,0
41.92,8,389,0
23.54,15,352,0
70.31,7,93,1
38.4,6,96,0
43.61,1,243,1
31.94,15,396,0
49.47,23,76,1
17.26,7,50,0
34.33,17,206,0
77.71,2,158,0
24.36,9,92,1
54.26,9,25,0
29.39,13,107,1
63.01,6,101,1
14.82,6,260,0
77.74,20,363,0
39.03,20,36,1
22.7,21,255,0
10.51,3,39,0
17.73,17,235,0
43.98,17,18,0
30.28,12,124,0
67.17,16,356,0
37.32,15,161,0
23.65,13,399,0
51.29,23,252,0
58.01,1,338,0
17.53,17,253,0
17.57,3,35,1
7.75,15,167,1
60.23,4,241,1
54.79,4,196,0
40.6,18,123,0
68.31,17,277,0
65.43,19,264,0
48.9,11,186,0
70.12,20,379,0
20.44,3,178,0
13.39,8,280,0
25.23,14,265,0
9.28,1,141,0
44.84,14,177,1
75.25,2,216,1
7.95,23,242,1
14.16,4,192,0
38.91,19,370,0
75.04,6,101,0
28.71,1,384,0
43.04,17,17,1
8.12,8,74,1
16.13,19,385,0
79.0,21,216,0
77.38,1,202,0
5.37,5,375,0
76.39,16,104,0
52.93,6,99,0
70.09,8,28,0
39.11,13,178,0
43.67,16,389,0
41.66,3,140,0
55.01,19,31,1
15.47,12,191,1
7.25,16,91,1
28.09,11,61,1
57.85,10,257,0
20.14,20,150,0
55.51,4,357,0
77.74,12,173,0
12.04,23,230,1
55.45,2,226,0
38.28,22,185,1
70.11,19,125,0
18.29,5,271,0
56.95,8,156,0
67.86,7,221,0
75.85,14,203,0
56.24,23,48,1
42.29,3,59,1
51.34,18,336,1
70.17,16,257,0
47.8,23,301,1
7.28,19,384,0
74.82,19,277,0
56.71,18,129,0
55.74,20,373,0
21.18,16,393,0
54.42,8,345,0
34.54,1,272,0
53.84,17,354,0
12.99,12,35,1
54.34,21,41,1
79.96,11,12,0
8.62,5,117,1
78.29,12,300,0
35.52,17,83,0
70.31,6,355,0
63.68,1,153,1
47.53,5,73,1
60.38,14,398,0
70.89,5,14,0
35.31,22,128,0
29.53,1,346,0
55.07,18,181,0
65.59,16,394,0
62.17,9,185,0
64.84,19,91,0
37.67,22,51,1
66.34,5,142,1
14.02,2,349,0
45.84,15,22,1
5.43,7,339,0
29.34,4,201,0
32.48,1,15,1
34.71,13,322,0
57.16,20,340,0
34.14,22,339,0
38.65,7,333,0
22.82,15,21,1
32.99,23,333,0
22.05,14,108,1
10.49,23,232,0
50.26,19,284,0
55.12,22,119,0
51.46,20,7,0
39.76,18,272,0
33.48,10,214,0
69.75,9,116,0
43.93,8,206,1
40.94,10,375,0
6.92,17,312,0
30.59,2,18,1
33.51,6,351,0
34.91,5,194,1
48.51,9,160,0
45.02,5,374,0
50.59,18,340,0
62.37,20,383,0
65.97,9,285,0
58.86,17,177,0
76.66,17,140,0
6.37,12,31,1
19.68,7,24,1
5.57,3,196,0
53.56,10,147,0
72.35,2,49,0
23.26,3,340,0
74.53,16,290,0
9.52,2,152,0
75.08,10,321,0
31.37,6,325,0
12.61,22,98,0
41.44,11,185,0
24.26,23,62,0
26.37,7,161,0
28.05,15,166,1
65.23,6,117,0
45.44,20,143,0
28.35,9,238,1
50.78,22,226,0
58.71,20,74,1
25.45,12,308,0
36.02,19,255,1
14.14,20,329,0
18.59,3,398,0
56.08,15,12,0
18.61,2,286,0
44.39,21,100,0
58.18,2,275,0
13.02,22,203,1
47.55,3,31,0
24.24,6,154,1
77.22,15,124,0
41.27,10,344,0
65.45,9,373,0
46.27,1,344,0
8.26,16,72,1
52.49,6,307,0
76.36,9,376,0
50.12,4,181,0
66.44,2,325,0
71.32,4,82,1
22.11,1,120,0
20.9,19,117,0
50.82,10,255,0
35.83,21,209,0
67.99,15,153,0
72.5,22,41,0
31.51,19,315,0
22.77,16,32,0
63.54,21,244,0
25.61,22,20,0
66.7,4,380,0
36.78,2,51,1
55.07,13,222,0
12.17,1,239,0
51.79,17,199,0
38.88,13,57,0
49.0,4,381,0
17.6,7,220,1
60.27,17,157,0
69.71,9,281,0
21.26,4,344,0
12.18,19,82,0
6.77,1,226,0
53.15,10,354,0
50.53,4,193,1
46.0,9,295,0
22.4,13,34,1
34.32,14,385,0
49.59,10,186,0
42.26,6,259,0
79.08,16,132,0
15.23,6,183,0
57.14,17,43,1
35.32,10,105,1
37.11,18,104,1
58.82,22,133,0
56.93,18,174,0
79.34,3,86,0
14.63,20,300,0
12.81,21,339,0
59.33,15,132,1
48.38,15,349,0
25.56,4,316,0
10.96,9,156,0
11.42,19,22,1
72.06,17,34,0
19.39,11,179,1
29.25,9,52,0
22.0,10,334,0
31.62,18,242,0
10.21,20,220,0
43.93,13,91,1
10.07,8,288,0
65.03,7,238,0
22.53,17,91,1
45.5,21,71,1
71.01,23,140,1
53.82,15,157,1
44.97,20,121,0
29.33,15,70,0
29.98,1,349,0
55.21,14,369,0
79.56,5,358,0
54.64,11,164,1
46.83,16,83,1
59.8,2,152,0
39.89,8,349,0
9.51,11,231,0
47.17,18,319,0
76.82,3,109,0
18.15,1,353,0
56.75,11,307,0
20.07,16,94,1
45.19,18,377,0
12.25,16,309,0
38.78,23,174,0
61.71,10,176,0
31.07,18,141,1
54.87,6,56,0
64.66,19,346,1
74.54,4,353,0
22.6,13,140,0
34.95,14,353,0
16.43,3,143,0
79.44,10,251,0
74.53,6,115,0
45.5,1,319,0
68.15,23,293,1
44.07,14,27,1
51.77,8,96,1
11.68,19,302,0
61.65,14,118,0
14.58,10,307,0
66.96,17,83,1
63.65,9,183,1
58.16,6,349,0
7.71,11,154,0
27.73,7,107,0
24.73,17,252,0
32.01,1,123,0
11.57,22,98,0
75.27,5,34,1
46.54,9,31,1
27.91,18,64,0
34.77,21,303,0
38.54,2,140,0
50.04,11,337,0
43.68,6,255,0
73.95,8,44,0
42.27,4,396,1
79.41,18,81,1
68.86,11,148,0
20.64,5,328,0
74.79,15,174,0
13.73,18,265,0
66.31,2,379,0
33.55,22,361,0
70.85,11,231,1
70.1,13,158,0
65.44,4,25,0
64.25,22,152,0
27.85,7,247,0
11.07,11,378,0
35.22,22,387,0
18.01,4,350,0
57.12,15,243,0
30.96,1,41,0
78.17,23,196,0
53.07,3,7,0
66.69,14,159,1
14.94,6,132,0
69.65,18,351,1
74.21,1,232,0
41.53,6,227,0
50.47,6,217,0
62.36,21,31,1
18.11,16,22,0
42.69,5,188,1
34.9,17,335,0
15.98,10,135,0
32.57,21,48,1
10.11,18,342,0
6.94,7,242,0
15.14,3,366,0
77.23,13,40,0
46.21,15,351,0
77.44,20,387,0
37.44,19,51,0
28.39,3,140,0
42.96,4,27,1
37.96,5,128,1
12.92,1,76,1
53.06,4,358,0
21.2,12,367,0
51.47,10,54,0
53.77,23,45,1
16.4,21,293,0
9.6,20,16,0
63.56,13,36,0
39.49,23,250,0
9.36,14,280,0
79.61,23,94,0
9.33,5,250,0
57.13,4,387,0
78.78,14,335,0
22.94,10,21,1
15.67,17,10,1
14.1,10,197,0
27.75,7,174,1
12.58,16,15,0
56.91,1,115,1
9.67,17,143,0
43.21,21,160,0
79.75,9,394,0
66.05,6,215,0
51.14,19,278,1
27.97,13,149,0
51.79,3,105,0
44.53,7,383,0
36.96,22,314,0
14.8,9,75,1
71.5,22,253,0
38.73,5,267,0
19.6,10,282,0
32.58,23,85,1
36.06,17,152,1
67.07,12,117,0
60.02,23,264,0
62.7,16,99,0
5.83,3,19,0
36.21,22,266,0
41.1,9,115,0
6.44,15,336,1
24.49,5,195,0
62.02,23,101,1
15.28,13,111,0
45.15,14,14,0
21.14,20,73,0
5.91,15,197,0
23.09,16,372,0
78.19,23,262,0
65.12,13,15,0
76.97,17,123,0
41.59,23,273,0
13.23,8,105,1
46.1,21,304,0
39.08,2,170,1
68.33,5,382,0
12.36,6,147,0
41.62,12,274,0
16.25,18,43,1
29.35,22,80,1
60.3,22,79,0
40.7,1,314,0
33.19,17,205,0
34.59,11,136,0
39.46,10,252,0
63.88,19,318,0
71.91,14,66,1
76.65,10,285,0
64.02,15,109,1
28.66,19,302,0
56.61,4,326,0
37.82,2,347,0
24.1,9,157,1
68.07,10,163,0
7.88,11,212,0
72.63,14,185,0
39.61,7,203,1
52.79,23,229,0
54.45,15,95,1
72.13,22,293,1
52.75,19,282,0
51.05,22,242,0
10.0,15,189,0
43.88,8,215,0
16.26,11,136,0
60.31,9,159,1
43.42,15,19,0
56.02,1,128,0
8.13,1,365,0
11.36,19,226,0
58.72,3,112,1
10.41,10,381,0
10.34,8,76,0
5.91,15,201,0
76.74,10,192,1
60.31,1,105,1
31.49,18,88,1
27.24,2,81,0
31.23,19,380,0
63.1,13,346,1
54.6,22,198,0
18.89,1,331,1
18.06,2,220,0
12.38,16,321,0
54.52,15,388,0
62.33,13,373,0
24.88,16,324,0
6.57,17,150,0
11.16,21,390,1
77.59,7,222,1
27.16,17,367,0
62.69,7,330,0
51.85,13,21,0
33.65,5,223,0
20.43,17,41,0
14.1,3,189,1
51.13,7,276,0
63.1,17,364,0
53.29,7,106,1
44.77,21,13,1
8.15,1,36,1
77.64,17,311,0
64.9,17,150,0
26.96,11,117,1
78.5,3,238,0
50.14,15,185,0
48.68,21,78,0
61.11,11,216,0
65.88,16,226,1
54.24,22,86,0
14.61,9,89,0
30.37,1,48,1
74.61,22,279,1
21.85,16,197,0
32.91,9,179,0
37.41,19,13,1
37.96,12,161,0
50.97,19,16,1
75.73,22,40,0
23.05,9,42,1
14.11,7,12,1
19.81,14,221,0
71.52,19,140,0
53.44,19,291,0
26.44,2,132,0
66.2,9,343,0
69.6,13,180,1
68.49,15,158,1
73.92,3,337,0
23.92,11,32,1
61.63,21,389,0
39.54,14,121,0
68.15,8,388,0
59.64,18,290,0
63.23,19,393,0
54.21,16,81,0
18.31,2,172,0
45.88,8,195,0
78.85,22,84,1
75.3,6,96,0
8.24,12,182,0
17.36,15,27,1
14.88,8,60,1
59.45,4,190,0
66.33,15,365,0
21.01,20,228,0
42.94,17,321,0
68.05,13,334,0
59.96,18,185,0
45.67,2,282,0
49.28,13,118,1
43.13,13,230,1
27.32,22,220,0
47.38,15,65,0
56.67,20,333,0
70.5,10,399,0
52.72,3,115,0
62.08,19,391,0
17.01,3,163,0
39.62,22,197,0
5.7,14,206,1
23.5,8,318,0
59.48,23,202,0
79.39,4,41,0
12.44,20,385,0
35.11,11,393,0
65.01,11,252,0
20.3,11,243,0
46.63,2,110,1
59.98,17,13,1
51.2,9,289,0
19.1,2,7,1
31.65,15,225,0
63.78,16,236,0
46.57,4,178,0
5.39,8,93,1
62.07,9,47,1
7.65,5,129,0
60.93,16,337,0
20.19,13,304,0
76.86,7,379,0
32.6,20,184,0
29.52,17,69,0
16.17,3,171,0
27.92,5,193,0
70.75,19,389,0
79.73,12,215,1
32.62,7,233,0
38.65,9,395,0
59.16,6,54,0
71.46,17,230,0
49.48,16,9,0
34.36,23,378,0
35.95,3,181,1
57.17,21,105,0
5.24,4,122,0
51.47,10,276,0
31.66,5,374,0
64.56,21,259,0
11.97,22,323,0
49.12,10,101,0
41.07,12,279,0
53.17,10,386,0
9.86,13,30,0
48.5,11,122,0
47.11,22,157,1
47.05,16,344,0
50.26,8,56,1
55.74,8,212,0
65.37,8,341,0
25.24,13,85,1
66.88,2,76,1
42.37,12,33,1
10.78,10,277,1
9.39,12,56,1
30.07,11,298,0
63.87,15,253,0
58.08,16,270,0
64.15,17,85,0
43.8,2,393,0
38.01,18,196,0
16.06,12,53,1
29.61,19,367,0
37.55,23,360,0
11.65,18,358,0
21.55,17,195,0
49.87,6,262,0
60.17,15,228,0
79.88,3,378,0
74.98,6,247,0
53.19,3,275,0
36.59,1,7,0
52.71,13,40,1
63.92,21,85,0
13.88,14,242,0
35.74,13,340,0
67.99,4,383,0
33.79,7,355,0
47.89,22,104,1
49.08,10,88,0
18.84,7,198,1
32.17,21,259,0
30.09,15,44,1
6.96,15,20,1
6.81,4,398,0
67.38,23,353,0
25.48,23,316,0
43.86,6,392,0
27.4,20,215,0
75.55,5,363,0
24.45,20,95,0
37.22,12,62,0
70.45,1,100,0
68.15,8,99,0
18.96,1,346,0
65.2,5,91,0
39.36,22,251,0
41.22,6,28,1
15.01,21,297,0
11.05,3,278,0
59.6,15,312,0
42.23,5,128,0
37.76,14,134,0
59.71,18,119,0
62.41,16,279,0
16.92,6,342,0
50.77,14,136,1
15.15,8,138,0
61.35,7,91,0
54.27,8,356,0
76.75,13,396,0
10.17,6,87,1
9.28,18,331,0
26.16,2,75,1
