id_anon,area,semana,humor,texto
ad7d6314bec4,Financeiro,1,4,"Semana produtiva, time alinhado."
02ca213d7544,Vendas,1,3,"Semana normal, nada de especial."
e86a98965877,RH,1,4,"Semana produtiva, time alinhado."
085cf1a942db,Vendas,1,3,"Semana normal, nada de especial."
f23019dbd0f9,RH,1,2,Pressão alta demais esta semana.
d5bab0042832,Logística,1,2,Me sinto invisível nas decisões.
b240cbf383b4,Vendas,1,3,"Muita demanda, mas dentro do esperado."
04c9496c8d76,TI,1,4,Gostei da nova ferramenta de pedidos.
ad7d6314bec4,Logística,2,3,"Semana normal, nada de especial."
02ca213d7544,Vendas,2,5,Reunião de feedback foi útil.
e86a98965877,Financeiro,2,2,Pressão alta demais esta semana.
085cf1a942db,Vendas,2,4,Reunião de feedback foi útil.
f23019dbd0f9,TI,2,4,"Semana produtiva, time alinhado."
d5bab0042832,RH,2,1,Carga de trabalho insustentável.
b240cbf383b4,RH,2,5,Reunião de feedback foi útil.
04c9496c8d76,Vendas,2,2,Pressão alta demais esta semana.
ad7d6314bec4,Vendas,3,4,Reunião de feedback foi útil.
02ca213d7544,TI,3,4,"Semana produtiva, time alinhado."
e86a98965877,Financeiro,3,3,"Sistemas ok, operação fluindo."
085cf1a942db,Logística,3,2,Carga de trabalho insustentável.
f23019dbd0f9,RH,3,4,"Semana produtiva, time alinhado."
d5bab0042832,Logística,3,4,Gostei da nova ferramenta de pedidos.
b240cbf383b4,RH,3,3,"Muita demanda, mas dentro do esperado."
04c9496c8d76,Vendas,3,2,Carga de trabalho insustentável.
ad7d6314bec4,Financeiro,4,2,Pressão alta demais esta semana.
02ca213d7544,Logística,4,3,"Semana normal, nada de especial."
e86a98965877,Logística,4,5,Reunião de feedback foi útil.
085cf1a942db,TI,4,4,"Cliente satisfeito, meta batida."
f23019dbd0f9,Logística,4,2,Falta de comunicação entre áreas.
d5bab0042832,RH,4,4,Reunião de feedback foi útil.
b240cbf383b4,TI,4,3,"Sistemas ok, operação fluindo."
04c9496c8d76,RH,4,3,"Semana normal, nada de especial."
ad7d6314bec4,Vendas,5,3,"Semana normal, nada de especial."
02ca213d7544,TI,5,2,Falta de comunicação entre áreas.
e86a98965877,TI,5,4,"Cliente satisfeito, meta batida."
085cf1a942db,RH,5,4,"Cliente satisfeito, meta batida."
f23019dbd0f9,Vendas,5,3,"Sistemas ok, operação fluindo."
d5bab0042832,RH,5,4,"Semana produtiva, time alinhado."
b240cbf383b4,Vendas,5,4,Reunião de feedback foi útil.
04c9496c8d76,TI,5,3,"Semana normal, nada de especial."
ad7d6314bec4,RH,6,1,Carga de trabalho insustentável.
02ca213d7544,Financeiro,6,4,"Semana produtiva, time alinhado."
e86a98965877,Logística,6,4,Gostei da nova ferramenta de pedidos.
085cf1a942db,RH,6,3,"Semana normal, nada de especial."
f23019dbd0f9,RH,6,5,"Semana produtiva, time alinhado."
d5bab0042832,Vendas,6,3,"Semana normal, nada de especial."
b240cbf383b4,Logística,6,5,Reunião de feedback foi útil.
04c9496c8d76,Vendas,6,1,Pressão alta demais esta semana.
ad7d6314bec4,RH,7,4,"Semana produtiva, time alinhado."
02ca213d7544,TI,7,4,Gostei da nova ferramenta de pedidos.
e86a98965877,Financeiro,7,5,Gostei da nova ferramenta de pedidos.
085cf1a942db,TI,7,3,"Sistemas ok, operação fluindo."
f23019dbd0f9,Financeiro,7,5,Gostei da nova ferramenta de pedidos.
d5bab0042832,Financeiro,7,3,"Sistemas ok, operação fluindo."
b240cbf383b4,TI,7,3,"Sistemas ok, operação fluindo."
04c9496c8d76,Vendas,7,2,Falta de comunicação entre áreas.
ad7d6314bec4,RH,8,3,"Sistemas ok, operação fluindo."
02ca213d7544,Vendas,8,3,"Semana normal, nada de especial."
e86a98965877,Logística,8,1,Pressão alta demais esta semana.
085cf1a942db,Financeiro,8,1,Pressão alta demais esta semana.
f23019dbd0f9,Financeiro,8,1,Falta de comunicação entre áreas.
d5bab0042832,RH,8,4,Gostei da nova ferramenta de pedidos.
b240cbf383b4,Logística,8,2,Me sinto invisível nas decisões.
04c9496c8d76,Logística,8,4,"Cliente satisfeito, meta batida."
